"","x"
"1",52
"2",91
"3",0
"4",40
"5",189
"6",137
"7",19
"8",125
"9",189
"10",337
"11",32
"12",52
"13",107
"14",119
"15",219
"16",21
"17",101
"18",448
"19",30
"20",548
"21",89
"22",435
"23",510
"24",214
"25",193
"26",621
"27",729
"28",177
"29",66
"30",295
"31",205
"32",169
"33",131
"34",252
"35",327
"36",454
"37",120
"38",502
"39",212
"40",647
"41",229
"42",270
"43",799
"44",135
"45",115
"46",686
"47",484
"48",465
"49",131
"50",37
"51",225
"52",189
"53",99
"54",62
"55",207
"56",59
"57",1825
"58",445
"59",90
"60",127
"61",101
"62",134
"63",177
"64",43
"65",38
"66",52
"67",112
"68",210
"69",486
"70",522
"71",166
"72",61
"73",10
"74",145
"75",1032
"76",32
"77",94
"78",3
"79",619
"80",345
"81",134
"82",1106
"83",178
"84",180
"85",24
"86",44
"87",163
"88",774
"89",48
"90",83
"91",44
"92",79
"93",264
"94",53
"95",442
"96",222
"97",129
"98",119
"99",329
"100",33
"101",88
"102",79
"103",69
"104",11
"105",490
"106",226
"107",58
"108",340
"109",219
"110",128
"111",185
"112",255
"113",52
"114",187
"115",75
"116",189
"117",18
"118",424
"119",64
"120",492
"121",38
"122",515
"123",304
"124",428
"125",288
"126",101
"127",601
"128",54
"129",57
"130",407
"131",148
"132",91
"133",87
"134",88
"135",136
"136",0
"137",186
"138",1
"139",262
"140",69
"141",67
"142",475
"143",40
"144",700
"145",169
"146",188
"147",154
"148",147
"149",52
"150",467
"151",55
"152",151
"153",292
"154",231
"155",16
"156",114
"157",149
"158",113
"159",48
"160",897
"161",0
"162",71
"163",49
"164",229
"165",23
"166",597
"167",97
"168",133
"169",380
"170",88
"171",108
"172",185
"173",18
"174",51
"175",177
"176",54
"177",41
"178",46
"179",124
"180",159
"181",95
"182",48
"183",255
"184",73
"185",182
"186",351
"187",540
"188",890
"189",59
"190",602
"191",599
"192",464
"193",195
"194",71
"195",454
"196",42
"197",331
"198",256
"199",174
"200",227
"201",148
"202",949
"203",56
"204",248
"205",238
"206",311
"207",168
"208",83
"209",67
"210",303
"211",57
"212",496
"213",621
"214",24
"215",639
"216",239
"217",390
"218",176
"219",291
"220",174
"221",101
"222",28
"223",119
"224",135
"225",892
"226",642
"227",244
"228",142
"229",43
"230",92
"231",42
"232",87
"233",473
"234",733
"235",164
"236",133
"237",81
"238",31
"239",118
"240",73
"241",370
"242",601
"243",192
"244",204
"245",288
"246",125
"247",53
"248",1136
"249",61
"250",56
"251",25
"252",1489
"253",236
"254",360
"255",536
"256",725
"257",246
"258",648
"259",206
"260",114
"261",180
"262",699
"263",70
"264",794
"265",60
"266",881
"267",169
"268",1206
"269",55
"270",13
"271",30
"272",44
"273",159
"274",50
"275",43
"276",19
"277",545
"278",164
"279",28
"280",70
"281",171
"282",287
"283",533
"284",28
"285",999
"286",179
"287",80
"288",412
"289",264
"290",237
"291",119
"292",1417
"293",181
"294",540
"295",127
"296",48
"297",262
"298",181
"299",1567
"300",205
"301",39
"302",559
"303",649
"304",991
"305",65
"306",173
"307",353
"308",752
"309",131
"310",191
"311",47
"312",439
"313",230
"314",136
"315",136
"316",219
"317",70
"318",785
"319",132
"320",119
"321",97
"322",265
"323",90
"324",160
"325",418
"326",356
"327",85
"328",63
"329",95
"330",234
"331",122
"332",332
"333",44
"334",51
"335",265
"336",56
"337",505
"338",121
"339",588
"340",32
"341",95
"342",89
"343",65
"344",556
"345",85
"346",570
"347",134
"348",70
"349",1499
"350",31
"351",224
"352",29
"353",76
"354",108
"355",119
"356",84
"357",66
"358",219
"359",35
"360",347
"361",27
"362",272
"363",492
"364",47
"365",435
"366",24
"367",109
"368",60
"369",395
"370",270
"371",387
"372",450
"373",96
"374",116
"375",134
"376",567
"377",70
"378",132
"379",54
"380",190
"381",151
"382",99
"383",159
"384",175
"385",40
"386",699
"387",424
"388",750
"389",613
"390",26
"391",78
"392",557
"393",64
"394",188
"395",88
"396",21
"397",190
"398",197
"399",83
"400",215
"401",35
"402",84
"403",610
"404",54
"405",652
"406",117
"407",63
"408",504
"409",145
"410",300
"411",31
"412",906
"413",106
"414",22
"415",156
"416",12
"417",178
"418",219
"419",127
"420",158
"421",103
"422",63
"423",113
"424",111
"425",53
"426",421
"427",503
"428",348
"429",721
"430",96
"431",374
"432",31
"433",92
"434",10
"435",115
"436",145
"437",972
"438",103
"439",248
"440",688
"441",120
"442",654
"443",377
"444",1647
"445",615
"446",81
"447",205
"448",331
"449",361
"450",607
"451",66
"452",77
"453",604
"454",390
"455",41
"456",542
"457",158
"458",254
"459",121
"460",135
"461",81
"462",616
"463",117
"464",97
"465",511
"466",117
"467",155
"468",57
"469",63
"470",295
"471",549
"472",26
"473",44
"474",134
"475",110
"476",264
"477",249
"478",46
"479",321
"480",98
"481",144
"482",106
"483",224
"484",30
"485",64
"486",115
"487",189
"488",262
"489",151
"490",512
"491",68
"492",427
"493",166
"494",96
"495",18
"496",114
"497",51
"498",715
"499",46
"500",47
"501",111
"502",199
"503",17
"504",246
"505",431
"506",240
"507",345
"508",1089
"509",104
"510",69
"511",801
"512",63
"513",103
"514",34
"515",200
"516",57
"517",98
"518",57
"519",230
"520",37
"521",199
"522",62
"523",146
"524",97
"525",0
"526",922
"527",648
"528",645
"529",18
"530",608
"531",217
"532",27
"533",401
"534",122
"535",57
"536",115
"537",47
"538",64
"539",321
"540",64
"541",236
"542",88
"543",26
"544",1912
"545",174
"546",694
"547",252
"548",207
"549",1198
"550",131
"551",627
"552",89
"553",101
"554",40
"555",240
"556",557
"557",379
"558",43
"559",359
"560",54
"561",700
"562",162
"563",1520
"564",152
"565",120
"566",315
"567",39
"568",42
"569",211
"570",41
"571",382
"572",77
"573",579
"574",918
"575",497
"576",63
"577",707
"578",176
"579",1571
"580",101
"581",85
"582",272
"583",1071
"584",151
"585",319
"586",568
"587",311
"588",302
"589",360
"590",50
"591",49
"592",157
"593",438
"594",41
"595",765
"596",117
"597",205
"598",10
"599",196
"600",741
"601",265
"602",123
"603",450
"604",77
"605",51
"606",127
"607",137
"608",602
"609",183
"610",34
"611",92
"612",2
"613",63
"614",670
"615",50
"616",134
"617",93
"618",536
"619",200
"620",87
"621",138
"622",112
"623",136
"624",51
"625",54
"626",119
"627",226
"628",25
"629",318
"630",54
"631",60
"632",364
"633",72
"634",148
"635",60
"636",164
"637",234
"638",190
"639",543
"640",258
"641",358
"642",151
"643",397
"644",450
"645",69
"646",450
"647",215
"648",44
"649",174
"650",89
"651",130
"652",822
"653",36
"654",203
"655",904
"656",688
"657",707
"658",192
"659",605
"660",744
"661",198
"662",12
"663",223
"664",62
"665",536
"666",55
"667",158
"668",1102
"669",1082
"670",180
"671",41
"672",515
"673",320
"674",315
"675",126
"676",610
"677",105
"678",58
"679",83
"680",785
"681",593
"682",120
"683",201
"684",391
"685",36
"686",100
"687",401
"688",133
"689",246
"690",401
"691",22
"692",718
"693",69
"694",949
"695",164
"696",61
"697",20
"698",576
"699",99
"700",65
"701",386
"702",12
"703",288
"704",441
"705",68
"706",23
"707",14
"708",322
"709",636
"710",33
"711",47
"712",515
"713",169
"714",608
"715",227
"716",70
"717",435
"718",46
"719",695
"720",246
"721",387
"722",361
"723",124
"724",187
"725",89
"726",126
"727",802
"728",10
"729",1159
"730",769
"731",69
"732",63
"733",78
"734",109
"735",509
"736",592
"737",27
"738",135
"739",371
"740",180
"741",804
"742",507
"743",452
"744",607
"745",528
"746",457
"747",33
"748",65
"749",168
"750",71
"751",1
"752",247
"753",299
"754",113
"755",342
"756",123
"757",68
"758",97
"759",111
"760",817
"761",198
"762",400
"763",239
"764",94
"765",68
"766",245
"767",39
"768",57
"769",234
"770",263
"771",162
"772",162
"773",92
"774",19
"775",66
"776",49
"777",184
"778",517
"779",448
"780",138
"781",254
"782",507
"783",70
"784",282
"785",218
"786",180
"787",541
"788",27
"789",105
"790",596
"791",583
"792",76
"793",139
"794",1028
"795",66
"796",272
"797",0
"798",470
"799",190
"800",422
"801",219
"802",98
"803",103
"804",251
"805",48
"806",407
"807",163
"808",89
"809",100
"810",307
"811",71
"812",70
"813",48
"814",598
"815",639
"816",42
"817",2217
"818",119
"819",96
"820",112
"821",119
"822",612
"823",928
"824",142
"825",0
"826",63
"827",6
"828",196
"829",610
"830",61
"831",74
"832",495
"833",252
"834",377
"835",117
"836",36
"837",10
"838",650
"839",98
"840",371
"841",55
"842",208
"843",351
"844",214
"845",63
"846",155
"847",179
"848",62
"849",98
"850",401
"851",65
"852",161
"853",290
"854",77
"855",188
"856",217
"857",52
"858",93
"859",193
"860",304
"861",149
"862",126
"863",136
"864",630
"865",811
"866",530
"867",22
"868",259
"869",238
"870",1070
"871",135
"872",123
"873",55
"874",23
"875",195
"876",642
"877",145
"878",130
"879",64
"880",804
"881",243
"882",63
"883",215
"884",251
"885",106
"886",254
"887",197
"888",288
"889",29
"890",40
"891",56
"892",330
"893",49
"894",583
"895",173
"896",1
"897",74
"898",308
"899",109
"900",58
"901",230
"902",101
"903",492
"904",166
"905",362
"906",61
"907",62
"908",95
"909",120
"910",87
"911",40
"912",246
"913",695
"914",58
"915",74
"916",298
"917",360
"918",90
"919",203
"920",524
"921",58
"922",234
"923",385
"924",97
"925",70
"926",58
"927",54
"928",259
"929",123
"930",91
"931",240
"932",18
"933",255
"934",771
"935",56
"936",456
"937",60
"938",391
"939",14
"940",14
"941",857
"942",136
"943",280
"944",122
"945",53
"946",114
"947",128
"948",605
"949",256
"950",82
"951",55
"952",382
"953",28
"954",523
"955",369
"956",67
"957",68
"958",104
"959",142
"960",500
"961",37
"962",207
"963",243
"964",57
"965",601
"966",180
"967",83
"968",971
"969",61
"970",61
"971",179
"972",461
"973",486
"974",275
"975",151
"976",479
"977",168
"978",1992
"979",100
"980",114
"981",137
"982",142
"983",121
"984",27
"985",527
"986",97
"987",557
"988",133
"989",44
"990",34
"991",9
"992",67
"993",410
"994",94
"995",304
"996",86
"997",280
"998",40
"999",50
"1000",236
"1001",625
"1002",252
"1003",642
"1004",556
"1005",529
"1006",670
"1007",519
"1008",473
"1009",533
"1010",121
"1011",12
"1012",130
"1013",579
"1014",1124
"1015",306
"1016",632
"1017",141
"1018",2
"1019",71
"1020",17
"1021",55
"1022",661
"1023",51
"1024",60
"1025",140
"1026",489
"1027",162
"1028",287
"1029",23
"1030",1452
"1031",59
"1032",73
"1033",36
"1034",71
"1035",586
"1036",177
"1037",47
"1038",72
"1039",357
"1040",708
"1041",62
"1042",36
"1043",1036
"1044",574
"1045",48
"1046",166
"1047",96
"1048",65
"1049",266
"1050",104
"1051",35
"1052",60
"1053",500
"1054",100
"1055",115
"1056",128
"1057",255
"1058",94
"1059",114
"1060",217
"1061",188
"1062",286
"1063",250
"1064",106
"1065",32
"1066",104
"1067",96
"1068",612
"1069",161
"1070",234
"1071",63
"1072",32
"1073",596
"1074",62
"1075",112
"1076",187
"1077",274
"1078",747
"1079",245
"1080",405
"1081",152
"1082",99
"1083",399
"1084",119
"1085",184
"1086",52
"1087",163
"1088",95
"1089",111
"1090",122
"1091",177
"1092",129
"1093",64
"1094",22
"1095",370
"1096",208
"1097",645
"1098",917
"1099",122
"1100",187
"1101",880
"1102",137
"1103",142
"1104",570
"1105",52
"1106",131
"1107",216
"1108",271
"1109",36
"1110",0
"1111",401
"1112",184
"1113",164
"1114",742
"1115",40
"1116",39
"1117",28
"1118",103
"1119",239
"1120",831
"1121",91
"1122",57
"1123",75
"1124",268
"1125",188
"1126",185
"1127",91
"1128",82
"1129",52
"1130",389
"1131",143
"1132",207
"1133",331
"1134",32
"1135",425
"1136",126
"1137",78
"1138",80
"1139",59
"1140",200
"1141",212
"1142",138
"1143",222
"1144",202
"1145",261
"1146",186
"1147",132
"1148",47
"1149",349
"1150",66
"1151",1
"1152",128
"1153",1136
"1154",338
"1155",234
"1156",98
"1157",169
"1158",111
"1159",35
"1160",146
"1161",96
"1162",56
"1163",402
"1164",613
"1165",38
"1166",247
"1167",28
"1168",45
"1169",94
"1170",520
"1171",178
"1172",173
"1173",357
"1174",1795
"1175",219
"1176",210
"1177",183
"1178",26
"1179",136
"1180",568
"1181",22
"1182",109
"1183",212
"1184",53
"1185",56
"1186",627
"1187",81
"1188",76
"1189",19
"1190",24
"1191",59
"1192",139
"1193",47
"1194",128
"1195",71
"1196",243
"1197",105
"1198",61
"1199",57
"1200",215
"1201",723
"1202",57
"1203",121
"1204",29
"1205",615
"1206",73
"1207",249
"1208",167
"1209",30
"1210",131
"1211",10
"1212",25
"1213",28
"1214",263
"1215",70
"1216",488
"1217",42
"1218",53
"1219",44
"1220",36
"1221",751
"1222",454
"1223",604
"1224",756
"1225",149
"1226",275
"1227",2107
"1228",20
"1229",260
"1230",101
"1231",334
"1232",219
"1233",215
"1234",110
"1235",66
"1236",136
"1237",198
"1238",162
"1239",141
"1240",138
"1241",101
"1242",198
"1243",44
"1244",616
"1245",111
"1246",104
"1247",262
"1248",336
"1249",580
"1250",68
"1251",118
"1252",540
"1253",424
"1254",59
"1255",179
"1256",109
"1257",134
"1258",100
"1259",60
"1260",757
"1261",118
"1262",132
"1263",105
"1264",181
"1265",198
"1266",29
"1267",999
"1268",61
"1269",492
"1270",245
"1271",8
"1272",138
"1273",169
"1274",165
"1275",274
"1276",241
"1277",34
"1278",730
"1279",408
"1280",61
"1281",134
"1282",220
"1283",186
"1284",200
"1285",68
"1286",169
"1287",274
"1288",848
"1289",102
"1290",300
"1291",147
"1292",139
"1293",80
"1294",215
"1295",127
"1296",35
"1297",77
"1298",66
"1299",125
"1300",436
"1301",1109
"1302",110
"1303",481
"1304",51
"1305",42
"1306",861
"1307",17
"1308",41
"1309",604
"1310",21
"1311",280
"1312",95
"1313",9
"1314",358
"1315",826
"1316",65
"1317",259
"1318",389
"1319",64
"1320",255
"1321",64
"1322",138
"1323",93
"1324",181
"1325",846
"1326",580
"1327",68
"1328",67
"1329",16
"1330",343
"1331",144
"1332",52
"1333",50
"1334",76
"1335",30
"1336",224
"1337",613
"1338",738
"1339",211
"1340",513
"1341",64
"1342",54
"1343",728
"1344",160
"1345",40
"1346",515
"1347",483
"1348",308
"1349",97
"1350",9
"1351",110
"1352",226
"1353",81
"1354",247
"1355",299
"1356",194
"1357",921
"1358",360
"1359",63
"1360",178
"1361",94
"1362",473
"1363",601
"1364",584
"1365",184
"1366",92
"1367",596
"1368",91
"1369",728
"1370",483
"1371",215
"1372",23
"1373",173
"1374",57
"1375",81
"1376",110
"1377",1967
"1378",532
"1379",73
"1380",345
"1381",98
"1382",86
"1383",164
"1384",195
"1385",101
"1386",222
"1387",160
"1388",212
"1389",248
"1390",215
"1391",233
"1392",258
"1393",436
"1394",51
"1395",223
"1396",45
"1397",639
"1398",406
"1399",88
"1400",55
"1401",108
"1402",54
"1403",609
"1404",242
"1405",359
"1406",26
"1407",1118
"1408",86
"1409",70
"1410",122
"1411",142
"1412",10
"1413",783
"1414",533
"1415",226
"1416",138
"1417",58
"1418",744
"1419",81
"1420",133
"1421",77
"1422",150
"1423",65
"1424",159
"1425",84
"1426",37
"1427",286
"1428",105
"1429",225
"1430",72
"1431",22
"1432",25
"1433",1552
"1434",53
"1435",516
"1436",54
"1437",68
"1438",183
"1439",327
"1440",85
"1441",35
"1442",162
"1443",269
"1444",169
"1445",138
"1446",612
"1447",171
"1448",233
"1449",226
"1450",100
"1451",29
"1452",404
"1453",458
"1454",47
"1455",1057
"1456",105
"1457",207
"1458",163
"1459",66
"1460",252
"1461",144
"1462",137
"1463",155
"1464",89
"1465",33
"1466",259
"1467",224
"1468",18
"1469",80
"1470",214
"1471",186
"1472",146
"1473",127
"1474",100
"1475",212
"1476",79
"1477",227
"1478",431
"1479",275
"1480",277
"1481",64
"1482",88
"1483",68
"1484",833
"1485",95
"1486",80
"1487",34
"1488",248
"1489",12
"1490",983
"1491",108
"1492",255
"1493",713
"1494",97
"1495",85
"1496",20
"1497",255
"1498",201
"1499",200
"1500",40
"1501",65
"1502",40
"1503",141
"1504",30
"1505",157
"1506",141
"1507",138
"1508",692
"1509",95
"1510",602
"1511",291
"1512",191
"1513",526
"1514",361
"1515",1069
"1516",412
"1517",138
"1518",74
"1519",20
"1520",150
"1521",158
"1522",207
"1523",50
"1524",600
"1525",377
"1526",50
"1527",805
"1528",43
"1529",99
"1530",284
"1531",139
"1532",102
"1533",637
"1534",26
"1535",103
"1536",622
"1537",104
"1538",106
"1539",708
"1540",76
"1541",66
"1542",180
"1543",234
"1544",723
"1545",605
"1546",141
"1547",245
"1548",178
"1549",126
"1550",731
"1551",94
"1552",114
"1553",168
"1554",516
"1555",10
"1556",111
"1557",126
"1558",598
"1559",861
"1560",87
"1561",248
"1562",158
"1563",99
"1564",182
"1565",116
"1566",1415
"1567",145
"1568",89
"1569",950
"1570",506
"1571",622
"1572",194
"1573",152
"1574",144
"1575",113
"1576",63
"1577",1
"1578",47
"1579",104
"1580",118
"1581",263
"1582",53
"1583",66
"1584",451
"1585",262
"1586",29
"1587",135
"1588",59
"1589",180
"1590",325
"1591",61
"1592",167
"1593",52
"1594",165
"1595",298
"1596",514
"1597",84
"1598",28
"1599",133
"1600",425
"1601",419
"1602",363
"1603",504
"1604",177
"1605",236
"1606",83
"1607",462
"1608",265
"1609",549
"1610",110
"1611",212
"1612",596
"1613",84
"1614",13
"1615",114
"1616",53
"1617",443
"1618",108
"1619",122
"1620",78
"1621",39
"1622",71
"1623",98
"1624",175
"1625",592
"1626",481
"1627",202
"1628",517
"1629",47
"1630",39
"1631",98
"1632",1931
"1633",40
"1634",44
"1635",278
"1636",116
"1637",166
"1638",391
"1639",456
"1640",94
"1641",100
"1642",570
"1643",114
"1644",61
"1645",17
"1646",219
"1647",361
"1648",387
"1649",55
"1650",125
"1651",620
"1652",188
"1653",173
"1654",5
"1655",323
"1656",413
"1657",510
"1658",194
"1659",648
"1660",358
"1661",46
"1662",279
"1663",196
"1664",146
"1665",354
"1666",102
"1667",435
"1668",1092
"1669",498
"1670",120
"1671",101
"1672",47
"1673",286
"1674",58
"1675",162
"1676",80
"1677",47
"1678",179
"1679",41
"1680",130
"1681",105
"1682",221
"1683",101
"1684",32
"1685",164
"1686",107
"1687",133
"1688",116
"1689",374
"1690",11
"1691",68
"1692",125
"1693",204
"1694",806
"1695",135
"1696",223
"1697",118
"1698",219
"1699",53
"1700",115
"1701",687
"1702",43
"1703",144
"1704",30
"1705",67
"1706",542
"1707",118
"1708",111
"1709",358
"1710",610
"1711",720
"1712",353
"1713",69
"1714",151
"1715",81
"1716",51
"1717",121
"1718",102
"1719",99
"1720",244
"1721",242
"1722",59
"1723",83
"1724",599
"1725",51
"1726",73
"1727",27
"1728",104
"1729",842
"1730",82
"1731",542
"1732",496
"1733",37
"1734",82
"1735",76
"1736",116
"1737",583
"1738",719
"1739",144
"1740",62
"1741",334
"1742",127
"1743",315
"1744",501
"1745",37
"1746",97
"1747",64
"1748",179
"1749",1001
"1750",363
"1751",75
"1752",74
"1753",399
"1754",1136
"1755",188
"1756",688
"1757",63
"1758",109
"1759",446
"1760",41
"1761",151
"1762",91
"1763",120
"1764",23
"1765",99
"1766",90
"1767",258
"1768",97
"1769",645
"1770",720
"1771",58
"1772",127
"1773",48
"1774",692
"1775",237
"1776",158
"1777",737
"1778",27
"1779",212
"1780",73
"1781",768
"1782",42
"1783",185
"1784",687
"1785",347
"1786",95
"1787",604
"1788",128
"1789",181
"1790",137
"1791",23
"1792",868
"1793",11
"1794",562
"1795",33
"1796",51
"1797",26
"1798",54
"1799",86
"1800",36
"1801",624
"1802",471
"1803",139
"1804",36
"1805",378
"1806",171
"1807",259
"1808",303
"1809",546
"1810",1020
"1811",41
"1812",211
"1813",132
"1814",629
"1815",161
"1816",141
"1817",131
"1818",683
"1819",126
"1820",253
"1821",17
"1822",370
"1823",150
"1824",51
"1825",115
"1826",56
"1827",174
"1828",342
"1829",42
"1830",81
"1831",211
"1832",576
"1833",54
"1834",200
"1835",65
"1836",163
"1837",290
"1838",881
"1839",63
"1840",94
"1841",197
"1842",250
"1843",61
"1844",141
"1845",126
"1846",167
"1847",139
"1848",65
"1849",32
"1850",75
"1851",85
"1852",146
"1853",69
"1854",185
"1855",176
"1856",82
"1857",44
"1858",31
"1859",58
"1860",112
"1861",215
"1862",361
"1863",158
"1864",66
"1865",234
"1866",463
"1867",38
"1868",41
"1869",156
"1870",478
"1871",537
"1872",139
"1873",120
"1874",78
"1875",473
"1876",148
"1877",138
"1878",27
"1879",76
"1880",119
"1881",61
"1882",88
"1883",115
"1884",79
"1885",108
"1886",38
"1887",140
"1888",46
"1889",62
"1890",69
"1891",70
"1892",11
"1893",297
"1894",82
"1895",577
"1896",603
"1897",380
"1898",719
"1899",51
"1900",56
"1901",247
"1902",73
"1903",774
"1904",128
"1905",57
"1906",342
"1907",497
"1908",691
"1909",348
"1910",170
"1911",74
"1912",658
"1913",106
"1914",126
"1915",539
"1916",483
"1917",0
"1918",59
"1919",210
"1920",143
"1921",487
"1922",427
"1923",57
"1924",52
"1925",124
"1926",76
"1927",106
"1928",23
"1929",41
"1930",202
"1931",31
"1932",96
"1933",145
"1934",52
"1935",696
"1936",148
"1937",50
"1938",58
"1939",394
"1940",41
"1941",140
"1942",510
"1943",384
"1944",936
"1945",52
"1946",44
"1947",68
"1948",280
"1949",480
"1950",491
"1951",52
"1952",102
"1953",251
"1954",43
"1955",0
"1956",84
"1957",296
"1958",174
"1959",22
"1960",604
"1961",617
"1962",103
"1963",656
"1964",44
"1965",320
"1966",523
"1967",220
"1968",14
"1969",132
"1970",381
"1971",31
"1972",248
"1973",796
"1974",133
"1975",724
"1976",63
"1977",735
"1978",34
"1979",220
"1980",1748
"1981",81
"1982",48
"1983",202
"1984",198
"1985",450
"1986",206
"1987",46
"1988",395
"1989",394
"1990",519
"1991",120
"1992",607
"1993",121
"1994",188
"1995",144
"1996",100
"1997",124
"1998",26
"1999",106
"2000",206
"2001",44
"2002",27
"2003",59
"2004",26
"2005",99
"2006",111
"2007",35
"2008",245
"2009",557
"2010",680
"2011",478
"2012",76
"2013",324
"2014",31
"2015",220
"2016",129
"2017",370
"2018",720
"2019",47
"2020",226
"2021",38
"2022",15
"2023",56
"2024",56
"2025",214
"2026",252
"2027",3
"2028",683
"2029",115
"2030",250
"2031",62
"2032",229
"2033",52
"2034",13
"2035",91
"2036",626
"2037",66
"2038",32
"2039",125
"2040",250
"2041",65
"2042",1061
"2043",61
"2044",137
"2045",130
"2046",64
"2047",86
"2048",781
"2049",27
"2050",105
"2051",44
"2052",318
"2053",112
"2054",373
"2055",96
"2056",748
"2057",46
"2058",126
"2059",281
"2060",66
"2061",206
"2062",245
"2063",654
"2064",149
"2065",11
"2066",565
"2067",51
"2068",13
"2069",123
"2070",58
"2071",603
"2072",751
"2073",60
"2074",45
"2075",43
"2076",247
"2077",138
"2078",200
"2079",109
"2080",82
"2081",53
"2082",66
"2083",286
"2084",211
"2085",49
"2086",26
"2087",207
"2088",123
"2089",622
"2090",0
"2091",47
"2092",133
"2093",230
"2094",24
"2095",291
"2096",250
"2097",979
"2098",54
"2099",588
"2100",10
"2101",403
"2102",186
"2103",65
"2104",523
"2105",334
"2106",116
"2107",596
"2108",127
"2109",122
"2110",983
"2111",20
"2112",96
"2113",81
"2114",31
"2115",158
"2116",89
"2117",7
"2118",205
"2119",168
"2120",278
"2121",160
"2122",400
"2123",438
"2124",447
"2125",17
"2126",125
"2127",123
"2128",58
"2129",65
"2130",518
"2131",105
"2132",984
"2133",120
"2134",206
"2135",45
"2136",217
"2137",21
"2138",197
"2139",0
"2140",532
"2141",43
"2142",60
"2143",1
"2144",289
"2145",59
"2146",227
"2147",212
"2148",292
"2149",5
"2150",123
"2151",297
"2152",111
"2153",710
"2154",500
"2155",261
"2156",174
"2157",41
"2158",94
"2159",99
"2160",50
"2161",149
"2162",219
"2163",180
"2164",95
"2165",67
"2166",393
"2167",155
"2168",160
"2169",51
"2170",142
"2171",127
"2172",96
"2173",53
"2174",748
"2175",459
"2176",347
"2177",113
"2178",616
"2179",126
"2180",249
"2181",309
"2182",46
"2183",96
"2184",342
"2185",69
"2186",329
"2187",227
"2188",712
"2189",191
"2190",156
"2191",626
"2192",52
"2193",1361
"2194",51
"2195",73
"2196",162
"2197",61
"2198",156
"2199",399
"2200",711
"2201",76
"2202",520
"2203",179
"2204",563
"2205",102
"2206",376
"2207",145
"2208",35
"2209",439
"2210",217
"2211",212
"2212",81
"2213",106
"2214",193
"2215",151
"2216",41
"2217",239
"2218",234
"2219",153
"2220",47
"2221",110
"2222",33
"2223",249
"2224",170
"2225",80
"2226",797
"2227",140
"2228",71
"2229",309
"2230",200
"2231",201
"2232",124
"2233",593
"2234",652
"2235",2082
"2236",126
"2237",111
"2238",13
"2239",205
"2240",679
"2241",61
"2242",120
"2243",576
"2244",37
"2245",712
"2246",100
"2247",100
"2248",831
"2249",70
"2250",96
"2251",159
"2252",55
"2253",61
"2254",314
"2255",70
"2256",88
"2257",558
"2258",30
"2259",527
"2260",209
"2261",91
"2262",96
"2263",63
"2264",302
"2265",251
"2266",403
"2267",49
"2268",92
"2269",65
"2270",82
"2271",202
"2272",80
"2273",224
"2274",53
"2275",50
"2276",533
"2277",34
"2278",47
"2279",289
"2280",48
"2281",958
"2282",56
"2283",25
"2284",227
"2285",44
"2286",202
"2287",20
"2288",2
"2289",53
"2290",137
"2291",66
"2292",625
"2293",481
"2294",349
"2295",827
"2296",48
"2297",107
"2298",155
"2299",38
"2300",90
"2301",90
"2302",362
"2303",306
"2304",97
"2305",112
"2306",235
"2307",413
"2308",131
"2309",340
"2310",140
"2311",63
"2312",230
"2313",102
"2314",209
"2315",181
"2316",335
"2317",408
"2318",60
"2319",504
"2320",123
"2321",126
"2322",20
"2323",91
"2324",724
"2325",264
"2326",321
"2327",288
"2328",118
"2329",24
"2330",70
"2331",94
"2332",123
"2333",66
"2334",514
"2335",102
"2336",518
"2337",44
"2338",1145
"2339",36
"2340",30
"2341",101
"2342",97
"2343",172
"2344",391
"2345",61
"2346",115
"2347",16
"2348",0
"2349",37
"2350",779
"2351",432
"2352",259
"2353",292
"2354",637
"2355",360
"2356",288
"2357",566
"2358",399
"2359",214
"2360",132
"2361",49
"2362",213
"2363",95
"2364",593
"2365",60
"2366",573
"2367",635
"2368",113
"2369",540
"2370",56
"2371",66
"2372",71
"2373",324
"2374",424
"2375",317
"2376",304
"2377",105
"2378",38
"2379",52
"2380",663
"2381",91
"2382",252
"2383",711
"2384",95
"2385",30
"2386",596
"2387",109
"2388",218
"2389",54
"2390",250
"2391",1188
"2392",538
"2393",683
"2394",399
"2395",123
"2396",979
"2397",69
"2398",163
"2399",382
"2400",388
"2401",305
"2402",85
"2403",126
"2404",532
"2405",329
"2406",790
"2407",68
"2408",216
"2409",436
"2410",170
"2411",398
"2412",83
"2413",388
"2414",60
"2415",193
"2416",720
"2417",476
"2418",238
"2419",350
"2420",171
"2421",67
"2422",552
"2423",371
"2424",297
"2425",370
"2426",1216
"2427",194
"2428",50
"2429",533
"2430",78
"2431",44
"2432",54
"2433",125
"2434",204
"2435",764
"2436",149
"2437",854
"2438",130
"2439",63
"2440",44
"2441",93
"2442",220
"2443",210
"2444",121
"2445",123
"2446",65
"2447",66
"2448",142
"2449",220
"2450",623
"2451",102
"2452",209
"2453",15
"2454",99
"2455",116
"2456",93
"2457",218
"2458",88
"2459",147
"2460",1640
"2461",18
"2462",371
"2463",44
"2464",115
"2465",143
"2466",139
"2467",613
"2468",80
"2469",59
"2470",132
"2471",559
"2472",97
"2473",248
"2474",692
"2475",777
"2476",38
"2477",253
"2478",520
"2479",223
"2480",36
"2481",41
"2482",158
"2483",737
"2484",395
"2485",33
"2486",339
"2487",329
"2488",61
"2489",668
"2490",127
"2491",76
"2492",158
"2493",172
"2494",898
"2495",61
"2496",134
"2497",0
"2498",63
"2499",43
"2500",18
"2501",169
"2502",276
"2503",122
"2504",840
"2505",966
"2506",180
"2507",70
"2508",175
"2509",57
"2510",135
"2511",180
"2512",186
"2513",60
"2514",165
"2515",282
"2516",602
"2517",65
"2518",449
"2519",301
"2520",322
"2521",168
"2522",936
"2523",156
"2524",191
"2525",195
"2526",14
"2527",158
"2528",84
"2529",162
"2530",55
"2531",69
"2532",843
"2533",50
"2534",47
"2535",148
"2536",61
"2537",44
"2538",632
"2539",370
"2540",38
"2541",87
"2542",58
"2543",277
"2544",339
"2545",176
"2546",816
"2547",202
"2548",527
"2549",578
"2550",143
"2551",977
"2552",803
"2553",133
"2554",494
"2555",332
"2556",20
"2557",307
"2558",120
"2559",28
"2560",19
"2561",65
"2562",603
"2563",173
"2564",134
"2565",73
"2566",115
"2567",572
"2568",76
"2569",215
"2570",345
"2571",89
"2572",483
"2573",321
"2574",86
"2575",623
"2576",69
"2577",117
"2578",77
"2579",507
"2580",183
"2581",71
"2582",112
"2583",473
"2584",371
"2585",61
"2586",98
"2587",207
"2588",216
"2589",44
"2590",129
"2591",11
"2592",78
"2593",52
"2594",1
"2595",52
"2596",183
"2597",53
"2598",81
"2599",236
"2600",216
"2601",88
"2602",109
"2603",611
"2604",65
"2605",81
"2606",57
"2607",174
"2608",31
"2609",275
"2610",83
"2611",1
"2612",280
"2613",397
"2614",264
"2615",11
"2616",335
"2617",39
"2618",20
"2619",311
"2620",106
"2621",289
"2622",190
"2623",726
"2624",357
"2625",69
"2626",382
"2627",100
"2628",485
"2629",354
"2630",60
"2631",127
"2632",205
"2633",49
"2634",63
"2635",138
"2636",239
"2637",598
"2638",81
"2639",592
"2640",84
"2641",217
"2642",782
"2643",226
"2644",1842
"2645",596
"2646",78
"2647",69
"2648",288
"2649",491
"2650",120
"2651",298
"2652",45
"2653",302
"2654",454
"2655",61
"2656",584
"2657",268
"2658",83
"2659",1061
"2660",791
"2661",155
"2662",11
"2663",35
"2664",31
"2665",15
"2666",467
"2667",133
"2668",55
"2669",496
"2670",585
"2671",27
"2672",611
"2673",137
"2674",169
"2675",55
"2676",272
"2677",604
"2678",120
"2679",722
"2680",517
"2681",69
"2682",103
"2683",556
"2684",587
"2685",146
"2686",354
"2687",1015
"2688",103
"2689",104
"2690",40
"2691",277
"2692",208
"2693",306
"2694",134
"2695",226
"2696",44
"2697",124
"2698",461
"2699",168
"2700",414
"2701",88
"2702",149
"2703",289
"2704",147
"2705",218
"2706",739
"2707",151
"2708",37
"2709",125
"2710",119
"2711",183
"2712",116
"2713",48
"2714",1
"2715",490
"2716",606
"2717",207
"2718",46
"2719",325
"2720",54
"2721",90
"2722",437
"2723",112
"2724",89
"2725",125
"2726",434
"2727",6
"2728",25
"2729",590
"2730",597
"2731",771
"2732",21
"2733",650
"2734",744
"2735",334
"2736",344
"2737",127
"2738",24
"2739",113
"2740",738
"2741",26
"2742",110
"2743",457
"2744",229
"2745",457
"2746",64
"2747",24
"2748",819
"2749",103
"2750",563
"2751",361
"2752",116
"2753",494
"2754",123
"2755",537
"2756",171
"2757",63
"2758",698
"2759",622
"2760",51
"2761",74
"2762",54
"2763",144
"2764",154
"2765",81
"2766",162
"2767",26
"2768",68
"2769",131
"2770",20
"2771",21
"2772",45
"2773",419
"2774",102
"2775",66
"2776",201
"2777",1018
"2778",82
"2779",250
"2780",64
"2781",407
"2782",293
"2783",214
"2784",1449
"2785",223
"2786",99
"2787",110
"2788",126
"2789",207
"2790",445
"2791",317
"2792",1571
"2793",755
"2794",86
"2795",103
"2796",617
"2797",26
"2798",131
"2799",277
"2800",77
"2801",78
"2802",246
"2803",124
"2804",122
"2805",568
"2806",105
"2807",56
"2808",502
"2809",38
"2810",459
"2811",112
"2812",210
"2813",167
"2814",63
"2815",320
"2816",310
"2817",66
"2818",127
"2819",49
"2820",95
"2821",149
"2822",335
"2823",47
"2824",488
"2825",200
"2826",53
"2827",208
"2828",380
"2829",252
"2830",2162
"2831",1
"2832",604
"2833",132
"2834",576
"2835",226
"2836",3
"2837",708
"2838",33
"2839",116
"2840",89
"2841",407
"2842",161
"2843",123
"2844",59
"2845",155
"2846",339
"2847",150
"2848",126
"2849",284
"2850",128
"2851",159
"2852",481
"2853",11
"2854",1970
"2855",416
"2856",342
"2857",288
"2858",214
"2859",311
"2860",128
"2861",396
"2862",212
"2863",67
"2864",188
"2865",158
"2866",7
"2867",74
"2868",687
"2869",58
"2870",901
"2871",206
"2872",115
"2873",764
"2874",706
"2875",63
"2876",281
"2877",216
"2878",647
"2879",15
"2880",250
"2881",158
"2882",756
"2883",322
"2884",204
"2885",258
"2886",136
"2887",65
"2888",92
"2889",621
"2890",174
"2891",136
"2892",66
"2893",276
"2894",24
"2895",148
"2896",69
"2897",314
"2898",96
"2899",97
"2900",9
"2901",191
"2902",89
"2903",83
"2904",51
"2905",185
"2906",268
"2907",242
"2908",85
"2909",52
"2910",51
"2911",239
"2912",492
"2913",81
"2914",151
"2915",168
"2916",128
"2917",20
"2918",106
"2919",280
"2920",328
"2921",466
"2922",24
"2923",687
"2924",111
"2925",86
"2926",188
"2927",55
"2928",77
"2929",382
"2930",42
"2931",475
"2932",176
"2933",109
"2934",756
"2935",26
"2936",111
"2937",110
"2938",133
"2939",50
"2940",223
"2941",23
"2942",452
"2943",288
"2944",474
"2945",64
"2946",52
"2947",45
"2948",1064
"2949",183
"2950",166
"2951",54
"2952",79
"2953",964
"2954",167
"2955",92
"2956",94
"2957",108
"2958",157
"2959",52
"2960",278
"2961",262
"2962",359
"2963",343
"2964",179
"2965",589
"2966",487
"2967",600
"2968",446
"2969",584
"2970",415
"2971",43
"2972",168
"2973",222
"2974",28
"2975",626
"2976",236
"2977",135
"2978",19
"2979",135
"2980",20
"2981",41
"2982",615
"2983",120
"2984",372
"2985",325
"2986",46
"2987",159
"2988",182
"2989",430
"2990",593
"2991",95
"2992",624
"2993",107
"2994",24
"2995",284
"2996",1066
"2997",536
"2998",140
"2999",31
"3000",390
"3001",36
"3002",247
"3003",527
"3004",444
"3005",120
"3006",542
"3007",124
"3008",549
"3009",441
"3010",116
"3011",225
"3012",29
"3013",63
"3014",131
"3015",176
"3016",1940
"3017",132
"3018",125
"3019",89
"3020",526
"3021",435
"3022",11
"3023",49
"3024",80
"3025",80
"3026",214
"3027",2
"3028",65
"3029",29
"3030",42
"3031",136
"3032",549
"3033",415
"3034",56
"3035",159
"3036",141
"3037",804
"3038",63
"3039",100
"3040",114
"3041",56
"3042",63
"3043",211
"3044",142
"3045",57
"3046",606
"3047",463
"3048",566
"3049",80
"3050",219
"3051",688
"3052",441
"3053",303
"3054",65
"3055",43
"3056",9
"3057",79
"3058",327
"3059",2107
"3060",37
"3061",210
"3062",38
"3063",100
"3064",461
"3065",82
"3066",644
"3067",200
"3068",125
"3069",482
"3070",6
"3071",402
"3072",117
"3073",395
"3074",19
"3075",448
"3076",92
"3077",949
"3078",132
"3079",228
"3080",32
"3081",142
"3082",25
"3083",129
"3084",48
"3085",204
"3086",53
"3087",108
"3088",487
"3089",82
"3090",381
"3091",39
"3092",75
"3093",74
"3094",105
"3095",258
"3096",50
"3097",115
"3098",71
"3099",592
"3100",10
"3101",22
"3102",170
"3103",177
"3104",110
"3105",19
"3106",150
"3107",207
"3108",15
"3109",59
"3110",27
"3111",32
"3112",301
"3113",137
"3114",225
"3115",171
"3116",647
"3117",384
"3118",180
"3119",31
"3120",61
"3121",371
"3122",85
"3123",31
"3124",61
"3125",59
"3126",195
"3127",60
"3128",236
"3129",104
"3130",947
"3131",126
"3132",907
"3133",131
"3134",64
"3135",392
"3136",84
"3137",492
"3138",178
"3139",155
"3140",25
"3141",298
"3142",100
"3143",197
"3144",247
"3145",128
"3146",182
"3147",171
"3148",20
"3149",64
"3150",724
"3151",11
"3152",43
"3153",210
"3154",196
"3155",19
"3156",96
"3157",1550
"3158",44
"3159",55
"3160",62
"3161",235
"3162",178
"3163",49
"3164",98
"3165",137
"3166",565
"3167",912
"3168",133
"3169",59
"3170",211
"3171",533
"3172",310
"3173",27
"3174",114
"3175",148
"3176",449
"3177",127
"3178",21
"3179",451
"3180",50
"3181",86
"3182",67
"3183",167
"3184",632
"3185",430
"3186",99
"3187",105
"3188",533
"3189",330
"3190",65
"3191",114
"3192",51
"3193",166
"3194",633
"3195",43
"3196",118
"3197",208
"3198",98
"3199",99
"3200",66
"3201",349
"3202",133
"3203",104
"3204",595
"3205",309
"3206",143
"3207",78
"3208",619
"3209",19
"3210",165
"3211",69
"3212",129
"3213",859
"3214",465
"3215",205
"3216",153
"3217",488
"3218",210
"3219",21
"3220",303
"3221",333
"3222",66
"3223",70
"3224",22
"3225",58
"3226",212
"3227",285
"3228",270
"3229",56
"3230",405
"3231",554
"3232",299
"3233",639
"3234",292
"3235",138
"3236",369
"3237",195
"3238",67
"3239",54
"3240",271
"3241",38
"3242",480
"3243",65
"3244",1234
"3245",386
"3246",130
"3247",69
"3248",336
"3249",272
"3250",204
"3251",211
"3252",157
"3253",52
"3254",110
"3255",72
"3256",154
"3257",144
"3258",93
"3259",305
"3260",70
"3261",122
"3262",26
"3263",1010
"3264",88
"3265",110
"3266",31
"3267",228
"3268",575
"3269",159
"3270",1
"3271",251
"3272",119
"3273",62
"3274",36
"3275",1234
"3276",141
"3277",119
"3278",82
"3279",87
"3280",90
"3281",1007
"3282",649
"3283",108
"3284",118
"3285",46
"3286",258
"3287",540
"3288",80
"3289",54
"3290",363
"3291",120
"3292",58
"3293",119
"3294",292
"3295",77
"3296",116
"3297",380
"3298",285
"3299",414
"3300",28
"3301",99
"3302",235
"3303",51
"3304",954
"3305",246
"3306",191
"3307",56
"3308",18
"3309",137
"3310",198
"3311",103
"3312",70
"3313",47
"3314",829
"3315",61
"3316",39
"3317",311
"3318",66
"3319",125
"3320",613
"3321",175
"3322",69
"3323",616
"3324",414
"3325",121
"3326",37
"3327",210
"3328",88
"3329",378
"3330",66
"3331",102
"3332",52
"3333",723
"3334",106
"3335",339
"3336",165
"3337",97
"3338",148
"3339",521
"3340",30
"3341",117
"3342",596
"3343",196
"3344",123
"3345",765
"3346",146
"3347",698
"3348",51
"3349",171
"3350",488
"3351",532
"3352",751
"3353",87
"3354",59
"3355",111
"3356",179
"3357",175
"3358",116
"3359",103
"3360",79
"3361",294
"3362",181
"3363",229
"3364",264
"3365",132
"3366",11
"3367",94
"3368",238
"3369",121
"3370",35
"3371",165
"3372",150
"3373",143
"3374",90
"3375",204
"3376",55
"3377",401
"3378",651
"3379",419
"3380",91
"3381",229
"3382",50
"3383",107
"3384",73
"3385",408
"3386",81
"3387",29
"3388",461
"3389",64
"3390",114
"3391",111
"3392",74
"3393",274
"3394",57
"3395",35
"3396",37
"3397",18
"3398",251
"3399",163
"3400",130
"3401",51
"3402",130
"3403",1001
"3404",526
"3405",127
"3406",90
"3407",34
"3408",251
"3409",88
"3410",915
"3411",27
"3412",217
"3413",150
"3414",157
"3415",106
"3416",614
"3417",184
"3418",126
"3419",127
"3420",302
"3421",628
"3422",50
"3423",36
"3424",452
"3425",199
"3426",45
"3427",72
"3428",655
"3429",403
"3430",121
"3431",77
"3432",59
"3433",82
"3434",819
"3435",519
"3436",53
"3437",12
"3438",175
"3439",547
"3440",105
"3441",95
"3442",71
"3443",111
"3444",49
"3445",67
"3446",72
"3447",26
"3448",702
"3449",554
"3450",406
"3451",158
"3452",619
"3453",132
"3454",66
"3455",436
"3456",198
"3457",205
"3458",32
"3459",103
"3460",577
"3461",75
"3462",169
"3463",265
"3464",254
"3465",137
"3466",239
"3467",208
"3468",82
"3469",105
"3470",368
"3471",636
"3472",182
"3473",126
"3474",56
"3475",1216
"3476",452
"3477",127
"3478",378
"3479",473
"3480",331
"3481",235
"3482",59
"3483",707
"3484",116
"3485",390
"3486",21
"3487",51
"3488",192
"3489",222
"3490",130
"3491",138
"3492",275
"3493",15
"3494",32
"3495",628
"3496",398
"3497",105
"3498",909
"3499",75
"3500",438
"3501",85
"3502",735
"3503",63
"3504",226
"3505",172
"3506",60
"3507",64
"3508",95
"3509",129
"3510",1129
"3511",575
"3512",62
"3513",126
"3514",31
"3515",515
"3516",67
"3517",44
"3518",27
"3519",139
"3520",99
"3521",97
"3522",287
"3523",384
"3524",181
"3525",132
"3526",184
"3527",118
"3528",420
"3529",208
"3530",313
"3531",265
"3532",354
"3533",346
"3534",64
"3535",158
"3536",361
"3537",94
"3538",216
"3539",100
"3540",306
"3541",176
"3542",142
"3543",641
"3544",138
"3545",155
"3546",72
"3547",248
"3548",1
"3549",1951
"3550",591
"3551",53
"3552",45
"3553",49
"3554",169
"3555",29
"3556",149
"3557",26
"3558",649
"3559",302
"3560",20
"3561",43
"3562",80
"3563",188
"3564",706
"3565",114
"3566",225
"3567",66
"3568",127
"3569",206
"3570",138
"3571",165
"3572",44
"3573",19
"3574",29
"3575",72
"3576",42
"3577",121
"3578",326
"3579",555
"3580",165
"3581",131
"3582",452
"3583",520
"3584",60
"3585",59
"3586",363
"3587",640
"3588",85
"3589",184
"3590",161
"3591",202
"3592",145
"3593",190
"3594",527
"3595",35
"3596",445
"3597",97
"3598",56
"3599",84
"3600",844
"3601",121
"3602",22
"3603",192
"3604",232
"3605",60
"3606",64
"3607",87
"3608",140
"3609",487
"3610",605
"3611",242
"3612",98
"3613",652
"3614",83
"3615",83
"3616",123
"3617",181
"3618",96
"3619",162
"3620",147
"3621",180
"3622",140
"3623",289
"3624",78
"3625",2
"3626",250
"3627",231
"3628",173
"3629",64
"3630",118
"3631",84
"3632",336
"3633",137
"3634",266
"3635",309
"3636",687
"3637",179
"3638",18
"3639",40
"3640",143
"3641",105
"3642",90
"3643",790
"3644",874
"3645",56
"3646",518
"3647",60
"3648",63
"3649",157
"3650",376
"3651",63
"3652",265
"3653",414
"3654",698
"3655",494
"3656",529
"3657",55
"3658",44
"3659",57
"3660",253
"3661",95
"3662",269
"3663",21
"3664",34
"3665",195
"3666",37
"3667",243
"3668",107
"3669",623
"3670",263
"3671",88
"3672",9
"3673",72
"3674",561
"3675",25
"3676",171
"3677",114
"3678",78
"3679",325
"3680",27
"3681",85
"3682",241
"3683",280
"3684",50
"3685",167
"3686",735
"3687",523
"3688",110
"3689",84
"3690",37
"3691",229
"3692",65
"3693",122
"3694",28
"3695",136
"3696",529
"3697",103
"3698",40
"3699",91
"3700",191
"3701",123
"3702",529
"3703",515
"3704",308
"3705",178
"3706",70
"3707",393
"3708",150
"3709",395
"3710",156
"3711",715
"3712",248
"3713",67
"3714",26
"3715",133
"3716",200
"3717",41
"3718",502
"3719",645
"3720",167
"3721",345
"3722",101
"3723",122
"3724",24
"3725",58
"3726",80
"3727",769
"3728",249
"3729",92
"3730",32
"3731",133
"3732",125
"3733",614
"3734",142
"3735",460
"3736",121
"3737",561
"3738",535
"3739",42
"3740",302
"3741",51
"3742",284
"3743",1
"3744",83
"3745",90
"3746",73
"3747",584
"3748",68
"3749",31
"3750",107
"3751",27
"3752",279
"3753",104
"3754",105
"3755",288
"3756",394
"3757",59
"3758",16
"3759",93
"3760",128
"3761",56
"3762",651
"3763",191
"3764",273
"3765",233
"3766",548
"3767",57
"3768",127
"3769",55
"3770",172
"3771",206
"3772",344
"3773",141
"3774",25
"3775",934
"3776",43
"3777",2223
"3778",358
"3779",79
"3780",140
"3781",36
"3782",30
"3783",25
"3784",11
"3785",175
"3786",1216
"3787",156
"3788",521
"3789",78
"3790",251
"3791",16
"3792",73
"3793",47
"3794",185
"3795",478
"3796",29
"3797",763
"3798",43
"3799",132
"3800",107
"3801",64
"3802",11
"3803",23
"3804",67
"3805",2
"3806",60
"3807",23
"3808",602
"3809",75
"3810",147
"3811",117
"3812",633
"3813",143
"3814",90
"3815",221
"3816",294
"3817",65
"3818",63
"3819",695
"3820",28
"3821",707
"3822",51
"3823",136
"3824",102
"3825",162
"3826",90
"3827",627
"3828",620
"3829",711
"3830",134
"3831",607
"3832",250
"3833",96
"3834",818
"3835",235
"3836",602
"3837",92
"3838",779
"3839",105
"3840",132
"3841",137
"3842",403
"3843",121
"3844",447
"3845",92
"3846",116
"3847",168
"3848",17
"3849",145
"3850",919
"3851",216
"3852",146
"3853",73
"3854",605
"3855",128
"3856",145
"3857",3
"3858",54
"3859",1826
"3860",110
"3861",362
"3862",348
"3863",11
"3864",1003
"3865",401
"3866",107
"3867",169
"3868",410
"3869",161
"3870",39
"3871",523
"3872",963
"3873",64
"3874",177
"3875",360
"3876",351
"3877",180
"3878",65
"3879",49
"3880",49
"3881",28
"3882",596
"3883",267
"3884",65
"3885",75
"3886",17
"3887",268
"3888",210
"3889",288
"3890",239
"3891",948
"3892",121
"3893",40
"3894",449
"3895",41
"3896",394
"3897",158
"3898",397
"3899",275
"3900",486
"3901",108
"3902",109
"3903",635
"3904",79
"3905",60
"3906",284
"3907",292
"3908",376
"3909",24
"3910",201
"3911",281
"3912",0
"3913",198
"3914",505
"3915",15
"3916",236
"3917",180
"3918",118
"3919",1756
"3920",20
"3921",74
"3922",522
"3923",89
"3924",98
"3925",155
"3926",187
"3927",166
"3928",478
"3929",72
"3930",488
"3931",162
"3932",461
"3933",306
"3934",273
"3935",34
"3936",33
"3937",240
"3938",487
"3939",98
"3940",531
"3941",226
"3942",68
"3943",36
"3944",275
"3945",608
"3946",76
"3947",63
"3948",604
"3949",193
"3950",590
"3951",121
"3952",197
"3953",768
"3954",175
"3955",97
"3956",631
"3957",105
"3958",111
"3959",43
"3960",64
"3961",570
"3962",210
"3963",108
"3964",61
"3965",676
"3966",29
"3967",1188
"3968",212
"3969",495
"3970",520
"3971",280
"3972",169
"3973",63
"3974",131
"3975",578
"3976",31
"3977",131
"3978",60
"3979",743
"3980",19
"3981",96
"3982",170
"3983",67
"3984",244
"3985",261
"3986",30
"3987",131
"3988",124
"3989",149
"3990",556
"3991",33
"3992",2232
"3993",89
"3994",168
"3995",109
"3996",200
"3997",595
"3998",331
"3999",115
"4000",63
"4001",239
"4002",42
"4003",30
"4004",221
"4005",105
"4006",396
"4007",315
"4008",614
"4009",278
"4010",96
"4011",586
"4012",506
"4013",257
"4014",69
"4015",83
"4016",131
"4017",204
"4018",98
"4019",613
"4020",554
"4021",26
"4022",238
"4023",40
"4024",83
"4025",53
"4026",227
"4027",52
"4028",99
"4029",616
"4030",105
"4031",75
"4032",44
"4033",165
"4034",76
"4035",61
"4036",53
"4037",154
"4038",87
"4039",350
"4040",281
"4041",56
"4042",493
"4043",136
"4044",153
"4045",226
"4046",193
"4047",131
"4048",73
"4049",1198
"4050",1825
"4051",489
"4052",645
"4053",34
"4054",180
"4055",596
"4056",66
"4057",238
"4058",174
"4059",537
"4060",234
"4061",92
"4062",77
"4063",352
"4064",458
"4065",66
"4066",210
"4067",132
"4068",231
"4069",202
"4070",25
"4071",110
"4072",681
"4073",130
"4074",271
"4075",62
"4076",65
"4077",201
"4078",117
"4079",412
"4080",281
"4081",512
"4082",20
"4083",289
"4084",362
"4085",26
"4086",55
"4087",367
"4088",218
"4089",599
"4090",619
"4091",15
"4092",122
"4093",180
"4094",88
"4095",128
"4096",203
"4097",287
"4098",81
"4099",55
"4100",70
"4101",0
"4102",111
"4103",147
"4104",75
"4105",306
"4106",59
"4107",61
"4108",63
"4109",74
"4110",184
"4111",292
"4112",214
"4113",68
"4114",344
"4115",107
"4116",397
"4117",124
"4118",89
"4119",118
"4120",188
"4121",306
"4122",149
"4123",28
"4124",114
"4125",860
"4126",54
"4127",291
"4128",130
"4129",334
"4130",52
"4131",341
"4132",44
"4133",80
"4134",419
"4135",65
"4136",229
"4137",68
"4138",225
"4139",216
"4140",137
"4141",126
"4142",127
"4143",46
"4144",116
"4145",116
"4146",279
"4147",111
"4148",146
"4149",59
"4150",135
"4151",115
"4152",895
"4153",163
"4154",20
"4155",82
"4156",274
"4157",49
"4158",468
"4159",159
"4160",192
"4161",100
"4162",273
"4163",48
"4164",18
"4165",1066
"4166",861
"4167",118
"4168",1485
"4169",338
"4170",174
"4171",108
"4172",716
"4173",71
"4174",89
"4175",322
"4176",142
"4177",121
"4178",177
"4179",455
"4180",37
"4181",602
"4182",42
"4183",308
"4184",61
"4185",347
"4186",345
"4187",65
"4188",218
"4189",62
"4190",43
"4191",141
"4192",37
"4193",116
"4194",138
"4195",18
"4196",184
"4197",54
"4198",1262
"4199",607
"4200",153
"4201",29
"4202",404
"4203",376
"4204",94
"4205",157
"4206",78
"4207",608
"4208",158
"4209",211
"4210",86
"4211",728
"4212",88
"4213",44
"4214",184
"4215",81
"4216",236
"4217",497
"4218",123
"4219",339
"4220",87
"4221",82
"4222",54
"4223",381
"4224",58
"4225",336
"4226",45
"4227",2223
"4228",425
"4229",557
"4230",180
"4231",16
"4232",185
"4233",154
"4234",19
"4235",121
"4236",50
"4237",84
"4238",20
"4239",385
"4240",717
"4241",430
"4242",73
"4243",58
"4244",908
"4245",57
"4246",123
"4247",49
"4248",772
"4249",447
"4250",627
"4251",733
"4252",505
"4253",67
"4254",33
"4255",49
"4256",146
"4257",171
"4258",58
"4259",400
"4260",683
"4261",21
"4262",97
"4263",32
"4264",359
"4265",135
"4266",104
"4267",59
"4268",96
"4269",572
"4270",582
"4271",118
"4272",554
"4273",95
"4274",153
"4275",13
"4276",695
"4277",159
"4278",786
"4279",205
"4280",90
"4281",523
"4282",28
"4283",200
"4284",1068
"4285",340
"4286",92
"4287",86
"4288",90
"4289",100
"4290",51
"4291",188
"4292",106
"4293",80
"4294",188
"4295",293
"4296",433
"4297",219
"4298",176
"4299",89
"4300",11
"4301",532
"4302",332
"4303",565
"4304",196
"4305",327
"4306",267
"4307",54
"4308",15
"4309",98
"4310",93
"4311",154
"4312",495
"4313",69
"4314",62
"4315",691
"4316",316
"4317",285
"4318",908
"4319",28
"4320",224
"4321",33
"4322",246
"4323",43
"4324",62
"4325",248
"4326",370
"4327",938
"4328",524
"4329",104
"4330",264
"4331",24
"4332",100
"4333",582
"4334",40
"4335",121
"4336",60
"4337",360
"4338",58
"4339",126
"4340",159
"4341",303
"4342",63
"4343",257
"4344",258
"4345",453
"4346",782
"4347",261
"4348",23
"4349",116
"4350",349
"4351",71
"4352",170
"4353",272
"4354",61
"4355",229
"4356",69
"4357",20
"4358",73
"4359",357
"4360",6
"4361",43
"4362",317
"4363",54
"4364",743
"4365",286
"4366",175
"4367",322
"4368",127
"4369",1051
"4370",542
"4371",904
"4372",532
"4373",239
"4374",321
"4375",55
"4376",159
"4377",123
"4378",291
"4379",639
"4380",99
"4381",52
"4382",58
"4383",127
"4384",40
"4385",151
"4386",110
"4387",44
"4388",67
"4389",46
"4390",721
"4391",103
"4392",245
"4393",71
"4394",436
"4395",615
"4396",75
"4397",203
"4398",23
"4399",298
"4400",450
"4401",200
"4402",61
"4403",252
"4404",489
"4405",108
"4406",69
"4407",305
"4408",169
"4409",412
"4410",8
"4411",628
"4412",55
"4413",56
"4414",205
"4415",9
"4416",201
"4417",138
"4418",199
"4419",92
"4420",143
"4421",755
"4422",258
"4423",65
"4424",148
"4425",85
"4426",205
"4427",105
"4428",648
"4429",53
"4430",563
"4431",50
"4432",102
"4433",130
"4434",42
"4435",662
"4436",29
"4437",25
"4438",406
"4439",444
"4440",85
"4441",147
"4442",134
"4443",96
"4444",975
"4445",347
"4446",67
"4447",86
"4448",32
"4449",203
"4450",107
"4451",252
"4452",269
"4453",38
"4454",101
"4455",284
"4456",315
"4457",160
"4458",123
"4459",751
"4460",61
"4461",62
"4462",129
"4463",184
"4464",311
"4465",162
"4466",53
"4467",490
"4468",127
"4469",1467
"4470",386
"4471",43
"4472",47
"4473",48
"4474",57
"4475",181
"4476",483
"4477",133
"4478",249
"4479",254
"4480",119
"4481",40
"4482",145
"4483",188
"4484",88
"4485",393
"4486",114
"4487",961
"4488",56
"4489",252
"4490",105
"4491",117
"4492",60
"4493",239
"4494",78
"4495",55
"4496",31
"4497",613
"4498",720
"4499",87
"4500",622
"4501",312
"4502",33
"4503",39
"4504",64
"4505",259
"4506",115
"4507",143
"4508",315
"4509",69
"4510",61
"4511",57
"4512",713
"4513",148
"4514",800
"4515",182
"4516",675
"4517",66
"4518",57
"4519",316
"4520",60
"4521",99
"4522",32
"4523",26
"4524",32
"4525",55
"4526",202
"4527",625
"4528",180
"4529",568
"4530",53
"4531",64
"4532",558
"4533",55
"4534",468
"4535",19
"4536",23
"4537",181
"4538",167
"4539",635
"4540",56
"4541",75
"4542",39
"4543",53
"4544",1384
"4545",599
"4546",105
"4547",114
"4548",220
"4549",150
"4550",124
"4551",92
"4552",168
"4553",115
"4554",119
"4555",165
"4556",151
"4557",34
"4558",288
"4559",744
"4560",403
"4561",594
"4562",207
"4563",61
"4564",87
"4565",242
"4566",726
"4567",470
"4568",145
"4569",42
"4570",215
"4571",48
"4572",59
"4573",938
"4574",255
"4575",364
"4576",129
"4577",58
"4578",165
"4579",64
"4580",19
"4581",110
"4582",104
"4583",87
"4584",25
"4585",67
"4586",164
"4587",777
"4588",163
"4589",10
"4590",57
"4591",41
"4592",113
"4593",41
"4594",508
"4595",658
"4596",131
"4597",520
"4598",200
"4599",271
"4600",409
"4601",68
"4602",41
"4603",917
"4604",594
"4605",236
"4606",74
"4607",13
"4608",582
"4609",122
"4610",122
"4611",56
"4612",267
"4613",457
"4614",707
"4615",137
"4616",222
"4617",127
"4618",64
"4619",911
"4620",13
"4621",100
"4622",42
"4623",53
"4624",129
"4625",36
"4626",54
"4627",426
"4628",41
"4629",28
"4630",8
"4631",203
"4632",71
"4633",611
"4634",199
"4635",11
"4636",44
"4637",167
"4638",328
"4639",293
"4640",73
"4641",848
"4642",115
"4643",13
"4644",43
"4645",128
"4646",71
"4647",424
"4648",67
"4649",51
"4650",38
"4651",86
"4652",122
"4653",592
"4654",611
"4655",456
"4656",224
"4657",979
"4658",85
"4659",164
"4660",686
"4661",237
"4662",2223
"4663",60
"4664",219
"4665",329
"4666",78
"4667",11
"4668",206
"4669",69
"4670",443
"4671",3
"4672",97
"4673",223
"4674",779
"4675",115
"4676",65
"4677",765
"4678",241
"4679",92
"4680",151
"4681",115
"4682",101
"4683",105
"4684",414
"4685",180
"4686",55
"4687",144
"4688",123
"4689",66
"4690",1950
"4691",45
"4692",48
"4693",31
"4694",31
"4695",72
"4696",73
"4697",1055
"4698",1950
"4699",302
"4700",289
"4701",74
"4702",505
"4703",446
"4704",555
"4705",405
"4706",33
"4707",266
"4708",74
"4709",178
"4710",285
"4711",310
"4712",219
"4713",1017
"4714",32
"4715",314
"4716",273
"4717",169
"4718",140
"4719",83
"4720",63
"4721",199
"4722",76
"4723",75
"4724",125
"4725",96
"4726",14
"4727",195
"4728",291
"4729",122
"4730",49
"4731",63
"4732",595
"4733",80
"4734",216
"4735",105
"4736",275
"4737",147
"4738",44
"4739",173
"4740",68
"4741",43
"4742",541
"4743",426
"4744",602
"4745",144
"4746",181
"4747",179
"4748",157
"4749",438
"4750",1460
"4751",45
"4752",694
"4753",17
"4754",210
"4755",88
"4756",54
"4757",279
"4758",360
"4759",53
"4760",97
"4761",107
"4762",228
"4763",22
"4764",386
"4765",180
"4766",833
"4767",623
"4768",149
"4769",617
"4770",84
"4771",71
"4772",69
"4773",98
"4774",300
"4775",67
"4776",28
"4777",112
"4778",883
"4779",729
"4780",125
"4781",51
"4782",99
"4783",132
"4784",69
"4785",52
"4786",167
"4787",72
"4788",335
"4789",136
"4790",777
"4791",231
"4792",357
"4793",435
"4794",69
"4795",1057
"4796",282
"4797",312
"4798",117
"4799",214
"4800",150
"4801",31
"4802",50
"4803",647
"4804",526
"4805",30
"4806",245
"4807",334
"4808",316
"4809",17
"4810",73
"4811",480
"4812",420
"4813",27
"4814",643
"4815",127
"4816",60
"4817",597
"4818",0
"4819",568
"4820",212
"4821",126
"4822",77
"4823",613
"4824",812
"4825",173
"4826",31
"4827",130
"4828",1799
"4829",98
"4830",130
"4831",163
"4832",371
"4833",658
"4834",403
"4835",50
"4836",185
"4837",435
"4838",363
"4839",196
"4840",133
"4841",236
"4842",114
"4843",348
"4844",154
"4845",53
"4846",103
"4847",609
"4848",20
"4849",18
"4850",1108
"4851",30
"4852",20
"4853",1012
"4854",364
"4855",53
"4856",379
"4857",207
"4858",49
"4859",633
"4860",711
"4861",67
"4862",96
"4863",36
"4864",50
"4865",48
"4866",25
"4867",58
"4868",523
"4869",133
"4870",66
"4871",1150
"4872",29
"4873",58
"4874",600
"4875",137
"4876",20
"4877",57
"4878",81
"4879",574
"4880",209
"4881",63
"4882",533
"4883",625
"4884",190
"4885",164
"4886",109
"4887",168
"4888",32
"4889",59
"4890",189
"4891",611
"4892",41
"4893",52
"4894",96
"4895",205
"4896",281
"4897",594
"4898",519
"4899",526
"4900",561
"4901",142
"4902",40
"4903",251
"4904",189
"4905",557
"4906",57
"4907",498
"4908",612
"4909",59
"4910",146
"4911",190
"4912",53
"4913",54
"4914",157
"4915",174
"4916",39
"4917",188
"4918",128
"4919",328
"4920",123
"4921",196
"4922",193
"4923",49
"4924",105
"4925",63
"4926",20
"4927",85
"4928",214
"4929",69
"4930",765
"4931",128
"4932",115
"4933",35
"4934",112
"4935",194
"4936",225
"4937",131
"4938",41
"4939",19
"4940",84
"4941",51
"4942",345
"4943",235
"4944",111
"4945",217
"4946",364
"4947",336
"4948",606
"4949",613
"4950",519
"4951",112
"4952",103
"4953",49
"4954",280
"4955",235
"4956",105
"4957",120
"4958",534
"4959",141
"4960",181
"4961",593
"4962",105
"4963",119
"4964",87
"4965",60
"4966",95
"4967",16
"4968",342
"4969",135
"4970",950
"4971",194
"4972",303
"4973",75
"4974",345
"4975",649
"4976",187
"4977",435
"4978",52
"4979",108
"4980",31
"4981",366
"4982",214
"4983",113
"4984",10
"4985",25
"4986",333
"4987",35
"4988",575
"4989",40
"4990",2
"4991",112
"4992",123
"4993",55
"4994",123
"4995",296
"4996",291
"4997",481
"4998",695
"4999",49
"5000",17
